Id,Name,State,Country
1,Steve Smith,"Warner, NH",US
2,Haywood Sheena,"East Natchitoches, PA",United States
3,Patience Chip,"Lyon, WV",USA
4,Ambrose Drea,"Willow Run, IL",US
5,Anthony Andre,"Conyersville, AZ",USA
6,Missy Charisma,"Mount Baker, NY",USA
7,Lori Unique,"Farmington Lake, OK",USA
8,Hollie Trixie,"Martins Corner, TX",United States
9,Gil Winston,"Pickerel Narrows, MT",US
10,Elyzabeth Tatianna,"Willaha, OH",US
11,Charlton Troy,"Center, MA",US
12,Linnaea Alex,"Spring City, MS",United States
13,Lise Kelda,"Mittenlane, TX",United States
14,Ethan Kendall,"East Waterford, ME",United States
15,Ayden Lanford,"Coltman, WV",United States
16,Seth Kasandra,"Scottsville, KS",United States
17,Angelina Burton,"Hebron, AZ",United States
18,Shelbie Oconnell,"Longview, MA",United States
19,Tom Cote,"Emerson, MT",United States
20,Izzie Traynor,"North Knoxville, AL",United States
21,Leonard Marks,"Momford Landing, IN",United States
22,Bonita Stevens,"Ipswich, IA",United States
23,Kaila Casey,"Storms, TX",United States
24,Dawid Rhodes,"Kalauao, SD",United States
25,Maxwell Dickerson,"Farwell, FL",United States
26,Billy-Joe Kirby,"Brentwood Village, MT",United States
27,Aneesa Arroyo,"Wilhelm Park, MT",United States
28,Saim Acevedo,"Bannister Acres, NC",United States
29,Ruari Guthrie,"Bent Pine, VA",United States
30,Travis Bevan,"Mitchell, AZ",United States
31,Lori Wagner,"Social Circle, MO",United States
32,Teo Bradley,"Kreutzberg, NY",United States
33,Yehuda Lancaster,"Cimarron, WA",United States
34,Killian Mack,"Brookhaven, DC",United States
35,Mahdi Roman,"Montverde Junction, NJ",United States
36,Nuha Sanderson,"Midland City, AK",United States
37,Myah Moyer,"Sacramento, ME",United States
38,Kerry Sharples,"Del Rey Oaks, RI",United States
39,Salim Mayer,"Coal Creek, OK",United States
40,Cade Norman,"Rabbitown, TN",United States
41,Luke Hollis,"Fairland, GA",United States
42,Carson Arnold,"Gaskil, DE",United States
43,Alyssia Wardle,"Morgan Mill, OK",United States
44,Kaja May,"Merrimac South, AL",United States
45,Melody Barnett,"Stanardsville, NH",United States
46,Dennis Sparks,"Two Brooks, WI",United States
47,Aleisha Jackson,"Curriers, NM",United States
48,Jackson Dolan,"Skookumchuck, VA",United States
49,Charlie Parry,"Edgerton, RI",United States
50,Suraj Lam,"Slater, MO",United States
51,Regina Phelps,"East Natchitoches, PA",United States
52,Sallie Proctor,"Lyon, WV",United States
53,Evie-May Shea,"Willow Run, IL",United States
54,Taylah O'Quinn,"Conyersville, AZ",United States
55,Sheikh Nairn,"Mount Baker, NY",United States
56,Lilith Mohammed,"Farmington Lake, OK",United States
57,Regan Hughes,"Martins Corner, TX",United States
58,Molly Jenkins,"Pickerel Narrows, MT",United States
59,Milli Mcdonald,"Willaha, OH",United States
60,Dominic Hardin,"Center, MA",United States
61,Kinga Cameron,"Spring City, MS",US
62,Xanthe Cummings,"Mittenlane, TX",US
63,Sam Regan,"East Waterford, ME",US
64,Cohen Mullen,"Coltman, WV",US
65,Alannah Pineda,"Scottsville, KS",US
66,Zaina Gallagher,"Hebron, AZ",US
67,Zaine Nelson,"Longview, MA",US
68,Louise Connolly,"Emerson, MT",US
69,Dan Hood,"North Knoxville, AL",USA
70,Matas Dunlap,"Momford Landing, IN",USA
71,Atif Mcgrath,"Ipswich, IA",USA
72,Johnathon Harris,"Storms, TX",USA
73,Jane Betts,"Kalauao, SD",USA
74,Hayleigh Rigby,"Farwell, FL",USA
75,Cassidy Fellows,"Brentwood Village, MT",USA
76,Gillian Winter,"Wilhelm Park, MT",USA
77,Hattie Mcdermott,"Bannister Acres, NC",USA
78,Stacy Duffy,"Bent Pine, VA",USA
79,Imaani Albert,"Mitchell, AZ",USA
80,Sabina Silva,"Social Circle, MO",USA
81,Graham Kirby,"Kreutzberg, NY",USA
82,Kelsey Chang,"Cimarron, WA",USA
83,Ismail Vaughan,"Brookhaven, DC",USA
84,Zeynep Villanueva,"Montverde Junction, NJ",USA
85,Maira Acevedo,"Midland City, AK",USA
86,Rivka Keeling,"Sacramento, ME",USA
87,Danny Mckinney,"Del Rey Oaks, RI",USA
88,Kye Flower,"Coal Creek, OK",USA
89,Ritchie Walters,"Rabbitown, TN",USA
90,Gage Cherry,"Fairland, GA",USA
91,Claude Hawes,"Gaskil, DE",USA
92,Neel Ruiz,"Morgan Mill, OK",USA
93,Rojin Pena,"Merrimac South, AL",United States
94,Gia Holden,"Stanardsville, NH",United States
95,Ayrton Bostock,"Two Brooks, WI",United States
96,Uzma Burton,"Curriers, NM",United States
97,Jennifer Britt,"Skookumchuck, VA",United States
98,Yolanda Stein,"Edgerton, RI",United States
99,Lowri Moran,"Slater, MO",United States
100,Harry Smith,"Curriers, NM",United States
